valence,year,acousticness,artists,danceability,duration_ms,energy,explicit,id,instrumentalness,key,liveness,loudness,mode,name,popularity,release_date,speechiness,tempo
0.341,1997,0.0017,['blink-182'],0.426,165373,0.972,1,6WkSUgo1VdpzgtiXKlFPcY,0.0,0,0.171,-5.122000000000001,1,Dammit,65,1997,0.0954,111.221
0.684,1999,0.0103,['blink-182'],0.434,167067,0.897,0,2m1hi0nfMR9vdGC8UcrnwU,0.0,0,0.612,-4.918,1,All The Small Things,79,1999-06-01,0.0488,148.726
0.468,1999,0.0126,['blink-182'],0.391,148360,0.951,0,4LJhJ6DQS7NwE7UKtvcM52,0.000378,6,0.0878,-7.419,1,What's My Age Again?,75,1999-06-01,0.0692,157.66
0.382,1999,0.034,['blink-182'],0.52,249627,0.775,0,6xpDh0dXrkVp0Po1qrHUd8,0.0,0,0.364,-5.803,1,Adam's Song,70,1999-06-01,0.0348,136.028
0.69,1999,0.000954,['blink-182'],0.47,193000,0.915,0,3nqm3DdVskqbHhmb8S8hMd,7.58e-06,11,0.35,-6.787000000000001,1,Aliens Exist,60,1999-06-01,0.1,107.569
0.591,1999,0.00244,['blink-182'],0.451,143893,0.937,1,5SlKhaPcdIfSjpoM2QtM4C,0.000112,4,0.148,-5.524,1,Dumpweed,60,1999-06-01,0.0952,100.601
0.575,1999,0.0105,['blink-182'],0.532,179333,0.753,0,4TofVhKSYwFXRtbYo5M3h4,0.0,11,0.389,-6.481,1,Going Away To College,58,1999-06-01,0.0322,104.522
0.285,2000,0.00239,['Coldplay'],0.429,266773,0.6609999999999999,0,3AJwUDP919kvQ9QcozQPxg,0.000121,11,0.234,-7.227,1,Yellow,84,2000-07-10,0.0281,173.372
0.165,2000,0.748,['Coldplay'],0.371,227093,0.268,0,7D0RhFcb3CrfPuTJ0obrod,0.0517,1,0.104,-10.505999999999998,1,Sparks,73,2000-07-10,0.0281,102.617
0.195,2000,0.189,['Coldplay'],0.565,273427,0.546,0,0R8P9KfGJCDULmlEoBagcO,0.0015,11,0.17,-7.496,0,Trouble,72,2000-07-10,0.0314,139.757
0.453,2000,0.206,['Coldplay'],0.602,136867,0.612,0,2QhURnm7mQDxBb5jWkbDug,0.00607,0,0.107,-8.408999999999999,1,Don't Panic,65,2000-07-10,0.0335,122.062
0.286,2000,0.0334,['Coldplay'],0.396,304200,0.8029999999999999,0,0qksx8mV28lztYIZ1om8ml,0.0,4,0.0688,-6.186,1,Shiver,66,2000-07-10,0.0487,116.705
0.7659999999999999,2001,0.000189,['Sum 41'],0.568,207093,0.8440000000000001,0,1HNE2PX70ztbEl6MLxrpNL,0.0,9,0.0607,-5.875,1,In Too Deep,74,2001-01-01,0.0505,116.046
0.626,2001,0.000579,['Sum 41'],0.402,178267,0.914,1,4KacUpvbA3Mfo05gttTjhN,0.0,9,0.065,-5.215,1,Fat Lip,73,2001-01-01,0.142,196.505
0.882,2001,0.000715,['blink-182'],0.579,171533,0.928,0,1fJFuvU2ldmeAm5nFIHcPP,0.0,0,0.18,-4.3439999999999985,1,First Date,73,2001,0.0411,95.594
0.83,2001,0.000324,['blink-182'],0.41,171600,0.959,1,2ydUT1pFhuLDnouelIv4WH,0.0,9,0.0766,-4.563,1,The Rock Show,68,2001,0.0869,193.155
0.518,2001,0.000102,['blink-182'],0.552,227200,0.932,1,24CRDgNOgA72JLL7PHFjgB,0.0,0,0.119,-3.782,1,Anthem Part Two,62,2001,0.0426,103.108
0.166,2001,0.00165,['blink-182'],0.519,239333,0.78,0,3YD9EehnGOf88rGSZFrnHg,2.14e-05,2,0.156,-4.939,1,Stay Together For The Kids,63,2001,0.0356,145.125
0.213,2002,0.731,['Coldplay'],0.557,309600,0.442,0,75JFxkI2RXiU7L9VXzMkle,1.46e-05,5,0.11,-7.224,1,The Scientist,84,2002-08-08,0.0243,146.27700000000004
0.255,2002,0.599,['Coldplay'],0.5770000000000001,307880,0.7490000000000001,0,0BCPKOYdS2jbQ8iyB56Zns,0.0115,5,0.183,-7.215,0,Clocks,77,2002-08-08,0.0279,130.97
0.56,2002,0.00105,['Sum 41'],0.431,158733,0.95,1,2OMqSRS11ly56zg9u5za6c,3.63e-05,7,0.272,-4.918,1,Still Waiting,63,2002-01-01,0.26,191.936
0.6579999999999999,2002,0.000143,['Sum 41'],0.359,198493,0.935,1,17XgxMFNzBYv38TEJRC18D,0.0141,8,0.351,-5.529,0,The Hell Song,57,2002-01-01,0.0817,173.429
0.193,2002,0.0553,['Coldplay'],0.424,226680,0.588,0,2nvC4i2aMo4CzRjRflysah,4.95e-06,9,0.298,-5.455,1,In My Place,71,2002-08-08,0.0278,144.636
0.233,2002,0.539,['Coldplay'],0.607,223040,0.405,0,3ou9rSNUQnE7XYmJkUUIOc,6.7e-06,9,0.231,-8.607000000000001,1,Green Eyes,63,2002-08-08,0.0265,129.543
0.593,2003,0.00103,['blink-182'],0.664,227240,0.7809999999999999,0,1oTo3ijRbaDAtrjJrGAPSw,5.33e-06,11,0.0867,-6.5470000000000015,1,I Miss You,70,2003-01-01,0.0339,110.0
0.622,2003,0.103,['blink-182'],0.411,172646,0.962,1,26AYR77170U49cMcXB7aRV,0.0,4,0.529,-5.952000000000001,1,Feeling This,66,2003-11-01,0.0917,173.143
0.593,2003,0.00113,['blink-182'],0.423,227250,0.7140000000000001,0,1AdYZ6X00nXmO613Y7GJOl,6.28e-06,11,0.0855,-8.295,1,I Miss You,74,2003-11-01,0.045,110.017
0.562,2003,0.00689,['blink-182'],0.456,251893,0.95,0,1JfNuvdAIqI3ggkzXuBvPp,0.0149,11,0.207,-3.858,1,Always,55,2003-01-01,0.0853,158.322
0.255,2004,0.00602,['My Chemical Romance'],0.21,186480,0.94,1,7lRlq939cDG4SzWOF4VAnd,0.0,9,0.269,-3.427,1,I'm Not Okay (I Promise),74,2004-06-08,0.123,179.722
0.0857,2004,0.0142,['My Chemical Romance'],0.356,204733,0.96,0,5dTHtzHFPyi8TlTtzoz1J9,0.0,4,0.209,-3.487,1,Helena,74,2004-06-08,0.104,125.921
0.192,2004,0.0286,['My Chemical Romance'],0.202,194253,0.8859999999999999,0,1yKAqZoi8xWGLCf5vajroL,0.0,11,0.643,-3.805,0,The Ghost of You,67,2004-06-08,0.0816,145.781
0.674,2004,0.00366,['My Chemical Romance'],0.387,173733,0.913,1,5bTuwAgYUD5MABOIPH8ZMt,0.0,8,0.136,-3.761,1,You Know What They Do to Guys Like Us in Prison,63,2004-06-08,0.0814,185.957
0.413,2004,0.00237,['My Chemical Romance'],0.486,221093,0.977,0,0BpKPyXhWsTaWkgXeOd1Sn,0.0,7,0.298,-3.463,1,Thank You for the Venom,62,2004-06-08,0.0603,103.501
0.118,2004,0.0234,['My Chemical Romance'],0.252,138840,0.993,0,0axF06XwNLobcx5z8BVtYw,0.0,4,0.228,-3.079,0,"Give 'Em Hell, Kid",60,2004-06-08,0.16,183.773
0.655,2004,0.000902,['My Chemical Romance'],0.5479999999999999,188067,0.888,0,2cViIXIe8Pbd1sOJExMJlK,0.00172,1,0.0943,-4.8610000000000015,0,Cemetery Drive,61,2004-06-08,0.0362,115.993
0.467,2004,0.000133,['My Chemical Romance'],0.3720000000000001,181027,0.975,0,1GErReAT0swX36x3O8GyQn,4.29e-06,10,0.351,-3.949,1,To the End,60,2004-06-08,0.075,162.967
0.124,2005,0.1639999999999999,['Coldplay'],0.209,295533,0.417,0,7LVHVU3tWfcxj5aiPFEW4Q,0.00196,3,0.113,-8.74,1,Fix You,82,2005-06-07,0.0338,138.178
0.353,2005,0.00488,['Coldplay'],0.514,287907,0.898,0,7clUVcSOtkNWa58Gw5RfD4,0.0345,11,0.0746,-6.765,0,Speed of Sound,70,2005-06-07,0.0577,123.067
0.856,2006,0.0506,['My Chemical Romance'],0.463,161920,0.857,0,7j31rVgGX9Q2blT92VBEA0,0.0,4,0.184,-3.063,1,Teenagers,78,2006-10-23,0.0632,111.647
0.236,2006,0.000289,['My Chemical Romance'],0.217,311107,0.905,0,5wQnmLuC1W7ATsArWACrgW,0.00011,2,0.222,-4.103,1,Welcome to the Black Parade,78,2006-10-23,0.0752,96.95
0.309,2006,0.000321,['My Chemical Romance'],0.467,299227,0.883,0,2d6m2F4I7wCuAKtSsdhh83,0.000152,2,0.125,-3.679,0,Famous Last Words,71,2006-10-23,0.106,122.252
0.303,2006,0.0136,['My Chemical Romance'],0.236,279027,0.799,1,0Zh3tKIphLOvQux4dA6PFZ,0.0,4,0.0948,-5.167000000000002,0,Mama,68,2006-10-23,0.0939,208.951
0.362,2006,0.0037,['My Chemical Romance'],0.481,195520,0.973,1,0uukw2CgEIApv4IWAjXrBC,0.000877,7,0.325,-1.945,1,Dead!,67,2006-10-23,0.0542,99.331
0.33,2006,0.00837,['My Chemical Romance'],0.289,238680,0.7959999999999999,0,4RAOI1etsgbh5NP3T5R8rN,2.61e-05,0,0.202,-4.22,1,I Don't Love You,70,2006-10-23,0.0494,169.835
0.222,2006,0.358,['My Chemical Romance'],0.457,142973,0.515,0,0GgN4MhR5GKn5IcKN0e0rG,0.0,4,0.278,-4.31,1,Cancer,66,2006-10-23,0.0261,74.984
0.5429999999999999,2006,0.000111,['My Chemical Romance'],0.513,200880,0.937,0,2kMjk14RmYyYhhSbipoa9U,0.000102,1,0.083,-3.427,0,The Sharpest Lives,64,2006-10-23,0.0532,155.015
0.239,2006,0.000347,['My Chemical Romance'],0.445,184000,0.977,1,7j2Bmzpnf6RwEWEQ2sv8Ho,0.0235,0,0.126,-2.674,1,House of Wolves,63,2006-10-23,0.0995,105.825
0.417,2008,0.0954,['Coldplay'],0.486,242373,0.617,0,1mea3bSkSGXuIRvnydlB5b,3.23e-06,5,0.109,-7.115,0,Viva La Vida,80,2008-05-26,0.0287,138.015
0.649,2010,0.000264,['My Chemical Romance'],0.411,205960,0.986,1,5BB0Jzw60KyfSTyjJqtely,0.00148,8,0.371,-2.522,0,Na Na Na (Na Na Na Na Na Na Na Na Na),70,2010-11-05,0.0583,165.981
0.237,2010,0.131,['Coldplay'],0.312,242496,0.418,0,4fzyvSu73BhGvi96p2zwjL,0.000679,7,0.0836,-9.146,1,Christmas Lights,72,2010-12-01,0.0296,130.795
0.212,2011,0.0509,['Coldplay'],0.449,278719,0.585,0,6nek1Nin9q48AVZcWs9e9D,8.75e-05,5,0.0833,-6.761,1,Paradise,80,2011-10-24,0.0268,139.631
0.162,2014,0.00617,['Coldplay'],0.545,267867,0.675,0,0FDzzruyVECATHXKHFs9eJ,0.00197,6,0.209,-6.474,1,A Sky Full of Stars,78,2014-05-19,0.0279,124.97
0.352,2014,0.0266,['Coldplay'],0.738,285014,0.482,0,23khhseCLQqVMCIT1WMAns,0.621,6,0.106,-8.917,0,Magic,73,2014-05-19,0.0402,93.457
0.412,2015,0.211,['Coldplay'],0.491,258267,0.693,0,3RiPr603aXAoi4GHyXx0uy,6.92e-06,0,0.325,-6.487,0,Hymn for the Weekend,78,2015-12-04,0.0377,90.027
0.446,2017,0.0498,"['The Chainsmokers', 'Coldplay']",0.617,247160,0.635,0,6RUKPb4LETWmmr3iAEQktW,1.44e-05,11,0.1639999999999999,-6.769,0,Something Just Like This,83,2017-04-07,0.0317,103.019
0.32,1995,0.000124,['blink-182'],0.261,194960,0.8220000000000001,0,3gVXAW2pduBl7tzjAGUVRb,0.000344,2,0.0919,-8.288,1,Carousel,54,1995,0.0358,103.213
0.752,1995,1.6e-05,['blink-182'],0.194,159773,0.871,0,6A82LV89Dc6eMJI4ocqwUS,0.0273,9,0.0873,-7.9220000000000015,1,M+M's,52,1995,0.0465,159.41
0.611,1997,5.96e-05,['blink-182'],0.435,199827,0.979,0,6jAbHOQO1qr61CnJW0bq9f,0.000265,11,0.128,-5.154,1,Josie,49,1997,0.105,99.956
0.764,1999,0.0109,['blink-182'],0.574,203440,0.929,0,3Q0yxw9mdycjnuORDvY5E6,3.45e-06,9,0.353,-3.992,1,Mutt,58,1999-06-01,0.0468,105.709
0.243,1999,0.00862,['blink-182'],0.343,143573,0.94,0,1IAeSajljaXAkLZKXBZnE8,4.6e-06,9,0.304,-7.0939999999999985,1,Don't Leave Me,57,1999-06-01,0.0907,145.513
0.903,1999,0.0958,['blink-182'],0.343,138027,0.939,1,3AOWD3Tiswm4tIvg3aQVKu,0.0,11,0.381,-4.102,1,The Party Song,56,1999-06-01,0.112,116.469
0.633,1999,0.0011,['blink-182'],0.249,217333,0.911,0,0k4jXQdPD1NkxQutE3IB1C,1.36e-06,11,0.0993,-5.119,1,Anthem,55,1999-06-01,0.15,100.739
0.687,1999,0.000753,['blink-182'],0.314,165373,0.894,1,0nGBoXoR5o9srQlP0BAZ1Y,0.0,2,0.308,-5.7120000000000015,1,Dysentery Gary,54,1999-06-01,0.0455,111.439
0.211,1999,0.657,['Coldplay'],0.369,171373,0.295,0,1uKzAldJYlwje9HstlwTie,1.5399999999999998e-05,4,0.107,-12.779000000000002,1,See You Soon,62,1999-10-11,0.0351,92.226
0.249,2000,0.396,['Coldplay'],0.495,256467,0.525,0,2DHgvPQD1jApRnT1DBZdrS,0.0073599999999999,7,0.0961,-9.342,0,High Speed,63,2000-07-10,0.0301,154.466
0.131,2000,0.535,['Coldplay'],0.433,249400,0.288,0,5TB6QgrF0RPIxSCGfRDLoe,0.000169,6,0.105,-10.800999999999998,0,We Never Change,61,2000-07-10,0.0296,136.939
0.375,2000,0.871,['Coldplay'],0.555,46200,0.0845,0,4qzoHxgp42ylb18ga1SWTL,2.27e-06,4,0.138,-18.348,1,Parachutes,58,2000-07-10,0.0518,137.001
0.0732,2000,0.0236,['Coldplay'],0.309,318773,0.6729999999999999,0,2mLgOcRkEgq89j8WstUpui,0.000144,1,0.0635,-5.524,0,Spies,58,2000-07-10,0.0319,147.599
0.612,2000,0.00133,['blink-182'],0.218,166733,0.921,1,1PRknVhZ6BsVX61MPrrVsV,7.66e-06,7,0.0777,-4.414,1,Man Overboard,56,2000,0.0602,196.291
0.0763,2000,0.104,['Coldplay'],0.374,436440,0.456,0,1RNtm45kw0hPMBz7gKiIYu,0.000176,6,0.197,-7.35,0,Everything's Not Lost - Includes Hidden Track 'Life Is For Living',57,2000-07-10,0.0368,135.643
0.625,2001,0.00166,['blink-182'],0.502,185467,0.96,0,0V7Wn8Fry7KBO5stYqpFvM,0.0,11,0.377,-2.998,1,Every Time I Look For You,60,2001,0.0484,128.22799999999998
0.515,2001,0.00137,['blink-182'],0.5,186173,0.961,1,4N9fFHRxns1B86F8YTneBz,0.0,11,0.296,-3.92,1,Reckless Abandon,56,2001,0.0961,124.898
0.684,2001,0.00185,['blink-182'],0.579,167560,0.948,1,1BR1AEQSLXDNL9t7nP3xRp,3.3e-06,9,0.143,-3.801,1,Roller Coaster,56,2001,0.048,116.148
0.8540000000000001,2001,0.000341,['blink-182'],0.531,171093,0.96,0,3C0f4W0lQSgMARICJF3KLh,0.0,9,0.0602,-3.75,1,The Rock Show,51,2001-01-01,0.0565,96.532
0.836,2001,0.000769,['blink-182'],0.575,169747,0.932,0,4lLxK3yBvwNoqTFjKC8RNg,0.0,0,0.358,-4.376,1,First Date,51,2001-01-01,0.0457,95.592
0.6990000000000001,2001,0.000313,['blink-182'],0.4970000000000001,198693,0.938,1,6gScUFLkoyvwyDP5tOwn0a,1.51e-06,4,0.39,-3.39,1,Give Me One Good Reason,55,2001,0.102,157.249
0.5660000000000001,2001,0.00107,['blink-182'],0.5579999999999999,219667,0.889,1,6c9UjtsLpfK5hTwTrdRDbR,0.000998,9,0.5379999999999999,-4.388,1,Story Of A Lonely Guy,56,2001,0.0345,152.097
0.0395,2002,0.0942,['Coldplay'],0.532,331133,0.433,0,4bPkBHKLKd9WHizsvM2zV3,0.0121,3,0.142,-9.423,1,Warning Sign,61,2002-08-08,0.0278,140.666
0.206,2002,0.00184,['My Chemical Romance'],0.38,366560,0.797,0,16Fp67kTFhH0XK5Cl6Oz7r,1.42e-05,8,0.208,-9.091,1,Demolition Lovers,57,2002,0.057,118.64
0.252,2002,0.175,['Coldplay'],0.611,297307,0.556,0,4hf0hL4kWyjWztZzVsM39V,7.140000000000001e-05,9,0.0359,-5.761,1,God Put a Smile upon Your Face,63,2002-08-08,0.0288,126.532
0.199,2002,0.0118,['My Chemical Romance'],0.327,326507,0.963,0,7J4uwuiyWB7BqIcyNdcVRl,0.0,4,0.176,-8.871,0,Vampires Will Never Hurt You,55,2002,0.174,98.416
0.534,2002,0.000328,['My Chemical Romance'],0.383,231097,0.946,1,5gNVTfD1L6QrPgOf0wFo0q,1.13e-06,1,0.0537,-8.122,0,"Honey, This Mirror Isn't Big Enough for the Two of Us",55,2002,0.0789,108.591
0.063,2002,0.0364,['Coldplay'],0.262,318627,0.482,0,0u35Dpz37TY2M2j20RUdMf,0.000189,5,0.11,-7.75,0,Politik,61,2002-08-08,0.0294,170.968
0.276,2002,0.000162,['My Chemical Romance'],0.291,208173,0.976,0,51VwpPzxUd6g94iELptagU,8.29e-06,2,0.359,-6.443,1,Headfirst for Halos,53,2002,0.09,112.225
0.289,2003,0.0556,['blink-182'],0.55,183787,0.913,0,1e1krgHCTUGDhhIgsRVHJ0,0.00094,11,0.133,-6.501,1,Down,50,2003-01-01,0.0392,93.987
0.59,2003,0.0106,['blink-182'],0.463,251867,0.925,0,3HM4NePuYAqdXpAGBk7nNz,0.027,11,0.189,-5.74,1,Always,62,2003-11-01,0.0747,158.33700000000005
0.48,2004,0.000129,['My Chemical Romance'],0.353,210867,0.953,0,4fGIqy3bvjX0jz1SJHqjjo,0.0,1,0.34,-3.635,0,"It's Not a Fashion Statement, It's a Deathwish",59,2004-06-08,0.0515,105.236
0.602,2004,0.00682,['Sum 41'],0.457,182040,0.83,0,1ibeKVCiXORhvUpMmtsQWq,0.00337,5,0.166,-5.2620000000000005,1,Pieces,65,2004-10-12,0.0321,99.93
0.185,2004,0.000389,['My Chemical Romance'],0.494,217733,0.971,0,7HKfrU3iuEFrKxTAfVznrG,4.45e-05,2,0.0978,-3.868,0,The Jetset Life Is Gonna Kill You,57,2004-06-08,0.0546,125.019
0.274,2004,0.00114,['My Chemical Romance'],0.253,232467,0.887,0,6gLn8QhAYL4dEwdpVjfCPl,2.99e-06,11,0.259,-4.635,0,I Never Told You What I Do for a Living,57,2004-06-08,0.0578,115.522
0.262,2004,0.000181,['My Chemical Romance'],0.422,167533,0.946,0,262RJtiqytpugV1UvDicN9,0.0,2,0.231,-3.145,0,Hang 'Em High,55,2004-06-08,0.0651,127.03
0.163,2005,0.00541,['Coldplay'],0.415,311292,0.5539999999999999,0,4wzt5Rrk3W98pHXAqutuJw,0.00202,7,0.155,-10.839,0,Talk,62,2005-06-07,0.0334,120.318
0.151,2005,0.327,['Coldplay'],0.5660000000000001,285345,0.459,0,2w3eXFL86RgxGtDr8bzwgK,0.000253,1,0.202,-9.488,1,A Message,63,2005-06-07,0.0289,116.916
0.301,2006,5.08e-05,['My Chemical Romance'],0.242,239053,0.983,0,0rUNZQuYQvOz6A6zwyT6tM,4.4299999999999986e-05,2,0.303,-2.679,1,This Is How I Disappear,62,2006-10-23,0.106,163.366
0.207,2006,0.0827,['My Chemical Romance'],0.292,112920,0.5479999999999999,0,6s2yqZbiPNPL1B2IeCMsUA,0.0,2,0.414,-4.977,1,The End.,61,2006-10-23,0.0363,175.053
0.153,2006,0.00218,['My Chemical Romance'],0.343,295000,0.6920000000000001,0,6T7MAQCekVb3UnCykjX3BP,0.0,2,0.112,-3.926,1,Disenchanted,63,2006-10-23,0.0355,174.07
0.152,2006,0.00138,['My Chemical Romance'],0.188,283467,0.952,0,2pONuBYwWrNm9jcJH6hmPc,0.000856,0,0.381,-4.499,1,Sleep,57,2006-10-23,0.201,155.97299999999996
0.11,2007,0.0127,['Sum 41'],0.1669999999999999,291360,0.851,0,1OTvWduKQV0MQd2gnGM9He,0.0,4,0.172,-4.039,1,With Me,63,2007-01-01,0.0421,175.426
0.82,2008,0.97,['My Chemical Romance'],0.737,81653,0.399,1,0Kt9sF46S7DFKrQOsXqidV,0.0,4,0.196,-10.147,1,Blood - End Credits,58,2008-06-24,0.135,123.979
0.11,2008,0.0614,['Coldplay'],0.33,222653,0.58,0,1ZqHjApl3pfzwjweTfMi0g,0.00129,1,0.115,-7.875,0,Violet Hill,62,2008-05-26,0.0374,76.093
0.383,2010,0.00033,['My Chemical Romance'],0.405,296733,0.95,0,2EGF4JrisrJ4D4HOdTyYEO,3.47e-06,6,0.108,-2.8,1,Bulletproof Heart,60,2010-11-05,0.071,139.715
0.373,2010,0.000233,['My Chemical Romance'],0.606,270387,0.942,0,1mX6SYJ1ZpcoxQUiER8wOI,7.07e-06,2,0.106,-3.618,1,SING,60,2010-11-05,0.0357,110.98
0.333,2011,0.00194,['Coldplay'],0.425,240796,0.732,0,2U8g9wVcUu9wsg6i7sFSv8,0.0103,9,0.171,-6.882999999999999,1,Every Teardrop Is a Waterfall,69,2011-10-24,0.0396,117.98
0.53,2015,0.00205,['Coldplay'],0.638,263787,0.924,0,69uxyAqqPIsUyTO8txoP2M,0.000175,7,0.149,-3.887,1,Adventure of a Lifetime,75,2015-12-04,0.036,111.995
0.63,1997,0.000684,['blink-182'],0.277,172133,0.8490000000000001,1,5arE0i12UB4WuGraBVcuXE,0.0,0,0.303,-6.0870000000000015,1,Apple Shampoo,45,1997,0.0988,100.22
0.532,1997,8.54e-06,['blink-182'],0.234,148040,0.958,1,2Meangpbyvif2jmc1Uf2al,3.62e-06,11,0.206,-4.64,1,Pathetic,45,1997,0.0816,101.935
0.249,1997,9.24e-05,['blink-182'],0.355,196533,0.988,0,7ukNySRsyzfFuVO9RKwJD7,2.45e-05,2,0.112,-5.559,1,Waggy,44,1997,0.105,127.537
0.825,1999,0.00029,['blink-182'],0.4,170400,0.937,0,0GvaNolz2vhHikR26yRLmv,0.0,0,0.0742,-3.892,1,Wendy Clear,51,1999-06-01,0.0337,114.233
0.664,2001,0.00456,['blink-182'],0.552,145733,0.982,0,2DcxTfOm8y2UgeP81qdidR,0.0,9,0.337,-3.227,1,Online Songs,54,2001,0.0484,98.458
0.17,2001,0.0014,['blink-182'],0.524,239547,0.777,0,3QmjMVakV28Rtk3b3vqdJv,1.3800000000000008e-05,2,0.157,-4.9430000000000005,1,Stay Together For The Kids,50,2001-01-01,0.0363,145.116
0.764,2001,0.000733,['blink-182'],0.564,186040,0.955,0,7l7BbmQD7cWPSL9fvaUheU,7.26e-06,11,0.388,-4.289,1,Please Take Me Home,54,2001,0.0384,100.704
0.87,2001,0.0008869999999999,['Sum 41'],0.503,169960,0.8909999999999999,0,6joQ1zE0lhx0UazVTK05Xc,0.0,4,0.0651,-6.365,1,Motivation,54,2001-01-01,0.0982,168.33599999999996
0.645,2001,0.00162,['blink-182'],0.504,185027,0.956,0,6Ou4ZbbiRTSMpgIQqMy6Pt,0.0,11,0.376,-2.95,1,Every Time I Look For You,47,2001-01-01,0.0469,128.25
0.6579999999999999,2001,0.000499,['blink-182'],0.53,200200,0.918,1,3S8z8Aa9LJVfbD5wLsC1CW,0.0,9,0.113,-3.065,1,Shut Up,51,2001,0.036,114.061
0.357,2002,0.000665,['My Chemical Romance'],0.306,263813,0.94,0,08VsSDNBuAOwGu8tkpJlSU,0.0,9,0.336,-6.475,1,Drowning Lessons,53,2002,0.119,127.331
0.773,2002,0.00222,['Sum 41'],0.44,149307,0.919,1,3SO0vfryYv381w1ImgWONG,0.00503,7,0.0892,-4.462,1,Over My Head (Better Off Dead),48,2002-01-01,0.0735,184.324
0.116,2002,0.156,['Coldplay'],0.525,351400,0.472,0,4JJ5zGKnb1IpERyBrfmb1y,4.39e-06,5,0.29,-8.017999999999999,1,A Rush of Blood to the Head,57,2002-08-08,0.0255,138.39
0.105,2002,0.836,['Coldplay'],0.269,319360,0.176,0,2uQ4px5SPONsgcUpulywIQ,0.0343,3,0.122,-10.463,1,Amsterdam,56,2002-08-08,0.0296,78.861
0.422,2002,0.000821,['My Chemical Romance'],0.408,305053,0.674,0,2aHqdN4K9naX3oBuUxp6zf,0.0,2,0.134,-8.882,1,Early Sunsets Over Monroeville,51,2002,0.0297,128.974
0.26,2002,0.586,['Coldplay'],0.277,238333,0.797,0,7KolrFGhfDi1JTSgQBT5sI,0.341,0,0.221,-5.66,1,A Whisper,58,2002-08-08,0.0385,177.00400000000005
0.382,2002,0.00099,['My Chemical Romance'],0.271,125627,0.931,1,46mPWQpvSFkXrr5nWoWW74,0.0,1,0.182,-6.81,0,Our Lady of Sorrows,50,2002,0.0785,142.407
0.345,2003,0.068,['blink-182'],0.535,183845,0.875,0,4nXKO951m6TdWQQbH1KJH3,0.00441,11,0.102,-8.316,1,Down,58,2003-11-01,0.0398,93.983
0.395,2003,0.01,['blink-182'],0.505,140563,0.98,0,0fsrRvpqr904AdKAPDXFkq,0.0258,6,0.236,-5.0360000000000005,0,Easy Target,53,2003-11-01,0.0979,159.80200000000005
0.484,2003,0.00842,['blink-182'],0.401,161136,0.981,0,5TxY7O9lFJJrd22FmboAXe,3.2299999999999986e-05,0,0.106,-4.926,1,Stockholm Syndrome,52,2003-11-01,0.0876,173.18200000000004
0.46,2003,0.000168,['blink-182'],0.317,163508,0.963,1,1KcmugpUozu6Llj3p5Qboa,0.0,4,0.19,-6.1720000000000015,1,Obvious,51,2003-11-01,0.08,170.34599999999998
0.455,2004,0.000275,['Sum 41'],0.45,184867,0.989,0,1lASDtTqKAfsnD6hixGKtz,0.0,6,0.872,-3.234,1,No Reason,56,2004-10-12,0.0574,97.968
0.0509,2004,0.942,['My Chemical Romance'],0.502,57173,0.0753,0,4vpaz6338VqJIeJHq6z2mU,0.314,9,0.0844,-22.70300000000001,1,Interlude,52,2004-06-08,0.0322,132.827
0.274,2005,0.61,['Coldplay'],0.607,250668,0.395,0,1wQXj5bgxyZQ2XmE2X9s6n,0.0076799999999999,0,0.33,-9.593,1,Til Kingdom Come,58,2005-06-07,0.0287,115.068
0.765,2007,0.000708,['Sum 41'],0.347,194133,0.988,0,6dXizHF3KbmdvOgvMAhnQC,0.0,9,0.101,-2.979,1,Underclass Hero,55,2007-01-01,0.127,191.933
0.428,2008,0.00722,['Coldplay'],0.378,249667,0.6629999999999999,0,2dphvmoLEXdk8hOYxmHlI3,0.797,1,0.191,-10.476,1,Strawberry Swing,55,2008-05-26,0.0458,173.136
0.723,2010,0.0006,['My Chemical Romance'],0.608,246760,0.954,1,3iitOoZUtWEgwZOEYFITFo,0.269,7,0.358,-3.507,1,Planetary (GO!),58,2010-11-05,0.0499,131.991
0.64,2010,0.000176,['My Chemical Romance'],0.261,218120,0.979,1,4kXHIm097G3CemN3PzcpgL,0.122,1,0.113,-3.652,0,Vampire Money,56,2010-11-05,0.0966,183.718
0.199,2010,0.0040799999999999,['My Chemical Romance'],0.5,272907,0.978,0,08gaUXuT1LXIae7TwBTCB9,0.593,9,0.204,-5.127999999999999,1,DESTROYA,56,2010-11-05,0.103,100.038
0.237,2011,0.00385,"['Coldplay', 'Rihanna']",0.42,239216,0.69,0,4HXOBjwv2RnLpGG4xWOO6N,0.015,9,0.287,-6.221,0,Princess of China,67,2011-10-24,0.0347,85.014
0.0948,2011,0.0212,['Coldplay'],0.43,285160,0.74,0,1yqMgZNrevsWMLWfO2PRp5,0.00165,10,0.33,-7.072,1,Charlie Brown,67,2011-10-24,0.0375,137.97799999999998
0.902,2011,0.00642,['blink-182'],0.541,206867,0.889,0,27H8WsrkD5catdc3a2fCLV,1.7100000000000002e-05,9,0.02,-3.997,1,After Midnight,52,2011-01-01,0.049,167.995
0.113,2012,0.0455,['My Chemical Romance'],0.407,312760,0.459,0,3HyDpKAuR3e4l6QB7hSB2l,2.98e-05,7,0.111,-4.837,1,The Light Behind Your Eyes,61,2012-12-18,0.0263,75.016
0.505,2017,0.0306,"['The Chainsmokers', 'Coldplay']",0.607,247627,0.649,0,1dNIEtp7AY3oDAKCGg2XkH,2.46e-05,11,0.174,-6.695,0,Something Just Like This,75,2017-02-22,0.0362,102.996
0.33,1997,0.00168,['blink-182'],0.429,165373,0.974,1,6HvUYS1xDfTCGWoeVrv3XS,0.0,0,0.1639999999999999,-5.136,1,Dammit,64,1997-01-01,0.0899,110.373
0.287,1998,1.32e-05,['blink-182'],0.347,166933,0.975,0,1tT1tIZAINzFZyjoPKtg7C,0.000167,0,0.1,-4.847,1,Dammit,45,1998-05-26,0.0845,110.487
0.285,2000,0.00239,['Coldplay'],0.429,266773,0.6609999999999999,0,3e0wYnFxkqinmtXebYPMSt,0.000121,11,0.234,-7.227,1,Yellow,55,2000-06-26,0.0281,173.372
0.963,2001,0.0168,['blink-182'],0.408,42400,0.988,1,5lE1g5Qsi1stIjYh8O5FC1,0.0,11,0.506,-2.028,1,"Happy Holidays, You Bastard",51,2001,0.0961,172.52900000000002
0.779,2001,0.000817,['blink-182'],0.5720000000000001,185640,0.955,0,1UEGw1yd5aeM7IiKGI4Meh,4.34e-06,11,0.223,-4.265,1,Please Take Me Home,44,2001-01-01,0.0396,100.708
0.189,2002,0.00976,['Coldplay'],0.453,327800,0.5710000000000001,0,4fP4xTSBli3tKck172LEZ4,0.518,11,0.0846,-6.117000000000001,1,Daylight,54,2002-08-08,0.0314,132.787
0.462,2002,0.000811,['My Chemical Romance'],0.351,203147,0.944,0,3VqJUdav5hRAEAvppYIVnT,0.0,0,0.495,-6.51,1,Skylines and Turnstiles,48,2002,0.148,122.58
0.431,2003,0.00114,['blink-182'],0.633,219540,0.748,0,6oRvk7PJW3PDKFZkEvJNkq,3.5700000000000014e-05,11,0.44,-7.775,1,Violence,52,2003-11-01,0.0594,119.215
0.6709999999999999,2003,0.00573,"['blink-182', 'Robert Smith\xa0']",0.6890000000000001,280017,0.579,0,5kYhmkcnDalqUMxQxBcZkB,0.0276,9,0.089,-7.294,1,All Of This,50,2003-11-01,0.0315,117.641
0.7559999999999999,2003,0.00199,['blink-182'],0.4,113216,0.966,1,078zIWNN5odARjeoMlg05A,0.0,0,0.103,-5.478,1,Go,49,2003-11-01,0.0407,182.163
0.6679999999999999,2003,0.0126,['blink-182'],0.408,174659,0.933,1,1Xccd7M3iAT1sUu68pOZU0,1.62e-05,9,0.12,-5.256,1,Here's Your Letter,49,2003-11-01,0.057,176.178
0.368,2003,0.148,['blink-182'],0.395,380547,0.659,0,7D2v3ZuXQsfD20qvCvMNxW,0.0302,4,0.606,-7.888,1,I'm Lost Without You,50,2003-11-01,0.0351,85.445
0.285,2004,0.00173,['Sum 41'],0.204,218947,0.8909999999999999,0,2cYoayTRed9m3scuQzKq8Z,0.0,8,0.0874,-4.958,0,We're All To Blame,54,2004-10-12,0.0863,80.396
0.0818,2005,0.563,['Coldplay'],0.225,274176,0.561,0,2rxp56vVQp1zzumJ0eHLmw,0.00987,6,0.366,-6.813,0,X&Y,56,2005-06-07,0.0352,153.24
0.153,2005,0.0557,['Coldplay'],0.265,239002,0.378,0,2u2WL5N3KnQnykOZi3fxL6,1.29e-06,11,0.119,-10.823,1,Swallowed in the Sea,54,2005-06-07,0.0316,142.1
0.445,2005,0.0228,['Coldplay'],0.5,262880,0.8440000000000001,0,4Tw9JYF9HOuPRyccNWMgwf,0.00398,10,0.455,-5.882999999999999,1,The Hardest Part,61,2005-06-07,0.0368,123.721
0.8270000000000001,2006,0.972,['My Chemical Romance'],0.7390000000000001,173533,0.405,1,1rNSLiEFpAF4amVhkzfTUG,0.0,4,0.0699,-10.524,1,Blood - Hidden Track,53,2006-10-23,0.107,123.497
0.43,2007,0.00379,['Sum 41'],0.279,286373,0.939,0,7xuhVUJmBpHR276Yc7AsgW,0.0,11,0.145,-3.085,1,Walking Disaster,55,2007-01-01,0.0883,111.236
0.417,2008,0.0954,['Coldplay'],0.486,242373,0.617,0,3zzwBtusqxBiGRsGpsnN3F,3.23e-06,5,0.109,-7.115,0,Viva La Vida,48,2008-11-24,0.0287,138.015
0.647,2010,0.000252,['My Chemical Romance'],0.6,246720,0.799,0,7cQjIIjLOhbRVCXyIepF2U,0.0121,2,0.0932,-3.51,1,Summertime,57,2010-11-05,0.0332,130.031
0.361,2010,0.000155,['My Chemical Romance'],0.5529999999999999,324973,0.897,0,5A0OekqQy0rb1pcsf4k0J7,0.0225,2,0.0972,-4.297,1,The Kids from Yesterday,55,2010-11-05,0.0444,120.007
0.278,2012,0.0012,['My Chemical Romance'],0.357,175453,0.996,0,7wzNovIu5urOjulGX4VzFo,0.0,3,0.35,-3.4960000000000004,0,Boy Division,56,2012-10-30,0.103,183.039
0.0349,2014,0.615,['Coldplay'],0.5479999999999999,294667,0.475,0,4GKk1uNzpxIptBuaY97Dkj,0.8079999999999999,1,0.0944,-12.42,1,Midnight,64,2014-05-19,0.0355,126.974
0.4270000000000001,2016,0.00868,"['Coldplay', 'Seeb']",0.565,212647,0.8490000000000001,0,6s3GEN8wK0OMzzzZbXj0fu,4.68e-06,0,0.12,-3.516,0,Hymn for the Weekend - Seeb Remix,68,2016-03-25,0.0517,102.034
0.638,2016,0.00575,['blink-182'],0.502,235613,0.966,0,44TuSOP6xIAEeJmZsN3nXO,1.56e-06,0,0.117,-3.876,1,Bored To Death,62,2016-07-01,0.0946,159.94799999999995
0.606,2016,0.00448,['blink-182'],0.447,162720,0.967,0,6EE19skJ32p58xihYj2Waa,0.0,0,0.487,-2.7060000000000004,1,She's Out Of Her Mind,61,2016-07-01,0.0793,179.991
0.604,2000,0.000206,['Sum 41'],0.5,190427,0.8959999999999999,0,0dEKHXkMPrC5vQkjPtmOic,4.11e-05,3,0.0478,-4.683,1,Makes No Difference,48,2000-06-27,0.0536,107.791
0.4970000000000001,2002,0.000971,['My Chemical Romance'],0.288,231853,0.933,0,0Unc6GaK4h3RXmUbUAvtdc,0.0,8,0.133,-6.947,0,Cubicles,47,2002,0.0968,98.918
0.454,2002,0.888,['My Chemical Romance'],0.311,62663,0.733,0,0ehcL7EsiSy1mpgOk3EFg8,0.95,4,0.386,-18.015,0,Romance,47,2002,0.0436,115.663
0.34,2002,0.000401,['My Chemical Romance'],0.278,132547,0.936,0,1mWMGKUaL7EyYIIveqlKC0,0.0,7,0.335,-5.9860000000000015,1,This Is the Best Day Ever,46,2002,0.107,119.088
0.287,2003,0.158,['blink-182'],0.403,259754,0.8809999999999999,0,153bsdXSG7KD3Q8ShRNpNK,9.86e-06,2,0.107,-7.224,1,Asthenia,49,2003-11-01,0.108,174.835
0.255,2003,0.599,['Coldplay'],0.5770000000000001,307880,0.7490000000000001,0,2Ygs64z9ywJGakuKU8tr6o,0.0115,5,0.183,-7.215,0,Clocks,52,2003-03-24,0.0279,130.97
0.222,2004,0.00237,['Sum 41'],0.389,205933,0.872,0,3AglCqd6PT4zp2Hv7oOKBl,4.11e-06,1,0.313,-4.968,1,Some Say,54,2004-10-12,0.103,162.54
0.204,2005,0.313,['Coldplay'],0.304,298520,0.502,0,39qRdHcl2tizWbzlM9kUlN,0.0011,6,0.138,-6.7070000000000025,0,What If,56,2005-06-07,0.035,136.779
0.29,2005,0.00134,"['My Chemical Romance', 'The Used']",0.528,211733,0.897,0,4j08A1efdJcVINBHSmQKPS,0.0,2,0.19,-5.943,1,Under Pressure,51,2005-04-12,0.0589,125.009
0.278,2008,0.00158,['Coldplay'],0.472,245100,0.909,0,0VpFFXnT2kNjqJmTv57aZi,5.16e-05,9,0.248,-7.073,1,Life in Technicolor ii,46,2008-11-24,0.0391,131.05100000000002
0.5820000000000001,2008,0.0057,['Coldplay'],0.359,236213,0.779,0,1STAWoWHYJh2UVUx41pYMD,0.8370000000000001,7,0.379,-7.52,1,Lost!,52,2008-05-26,0.0412,86.95100000000002
0.0728,2008,0.0427,['Coldplay'],0.202,411013,0.733,0,5qPGi9p8VqcizfdgWxtmLt,0.696,7,0.243,-7.599,1,Lovers in Japan,51,2008-05-26,0.0446,118.217
0.3,2009,0.0519,['My Chemical Romance'],0.256,224587,0.7879999999999999,0,48wRnWDekEx5bCOA9oeVF4,0.0,7,0.157,-7.545,1,All I Want for Christmas Is You - 2005,45,2009-12-01,0.0989,163.748
0.642,2010,0.0033,['My Chemical Romance'],0.413,215960,0.988,0,1RT6zSjs59gJdFfUshT465,0.00334,8,0.471,-2.165,1,Party Poison,52,2010-11-05,0.0745,162.954
0.545,2011,2.44e-05,['blink-182'],0.531,257520,0.969,1,2qg7jm9wp4HM6CMcZxVYOC,0.0263,11,0.0912,-3.967,1,Ghost On The Dance Floor,48,2011-01-01,0.0574,103.507
0.5870000000000001,2011,0.000348,['blink-182'],0.565,200360,0.947,0,0y3fPWWin7NL5aED2FjvXP,0.0,0,0.399,-4.941,1,Wishing Well,48,2011-01-01,0.0479,100.002
0.416,2011,0.000295,['blink-182'],0.479,199707,0.892,0,0sqQ9N6hY0ieocwrgxgJ9F,6.31e-05,9,0.067,-5.167000000000002,1,Up All Night,48,2011-01-01,0.0561,156.086
0.102,2012,0.0047,['My Chemical Romance'],0.447,294680,0.7809999999999999,0,6VtcgrVYo2xfygcWAfRpd1,3.4e-05,11,0.0976,-4.801,0,The World Is Ugly,58,2012-12-18,0.0314,96.004
0.0645,2014,0.911,['Coldplay'],0.371,323480,0.216,0,77yuzxCS3csrgTPSW0pvyk,0.826,10,0.0934,-14.727,1,O,63,2014-05-19,0.0358,136.998
0.0394,2014,0.0127,['Coldplay'],0.495,216627,0.502,0,0FMjqbY3aWo1QDbo3GwXib,0.6890000000000001,5,0.068,-9.307,1,Always in My Head,65,2014-05-19,0.0259,97.546
0.253,2015,0.0488,['Coldplay'],0.479,405320,0.7170000000000001,0,31L9yLXSj6LpCFupyMV6CR,0.000333,7,0.102,-5.459,1,Up&Up,69,2015-12-04,0.0605,163.989
0.136,2015,0.456,['Coldplay'],0.534,282693,0.445,0,5qfZRNjt2TkHEL12r3sDEU,0.0684,4,0.112,-9.155,1,Everglow,68,2015-12-04,0.0292,146.107
0.762,1995,9.06e-05,['blink-182'],0.407,169373,0.925,0,5wVkrSq1U9mkmtDWYKGaSd,0.00624,9,0.0538,-7.643,1,Wasting Time,41,1995,0.0514,114.378
0.377,1997,0.000198,['blink-182'],0.421,177067,0.936,0,7908RQnOzIIg7l26E9e06O,0.0291,2,0.227,-8.224,1,Dick Lips,38,1997,0.0404,125.486
0.447,1997,0.0165,['blink-182'],0.443,166627,0.8809999999999999,0,5helpfuC08ossy2tCgJLxw,3.47e-06,11,0.635,-6.5710000000000015,1,Untitled,38,1997,0.238,129.085
0.364,1998,0.000185,['blink-182'],0.34,160000,0.965,0,7tKiLl48gjlJkU9oDvVQ7n,5.06e-06,7,0.0703,-5.091,1,Carousel,44,1998-10-27,0.0869,103.148
0.472,1999,0.0157,['blink-182'],0.395,148373,0.955,0,4vorIG9QC6TG5J5HtO8Boc,0.000414,6,0.089,-7.395,1,What's My Age Again?,42,1999-06-01,0.0737,157.653
0.6609999999999999,2001,0.00196,['blink-182'],0.347,198093,0.942,0,41olw7iIGVyds8dnSR9pb0,0.0,7,0.338,-5.517,1,I Won't Be Home For Christmas,42,2001-01-01,0.0912,200.023
0.55,2001,4.56e-05,['Sum 41'],0.332,217027,0.875,0,6qi4wZ9nexHsIVWFFgE3wW,5.5e-05,2,0.153,-4.832,1,Handle This,48,2001-01-01,0.0536,164.36900000000003
0.209,2002,0.737,['Coldplay'],0.5720000000000001,311427,0.419,0,2LTl1pU074hnzAdy0SpHAb,1.5e-05,5,0.11,-7.991,1,The Scientist,52,2002-08-05,0.024,146.409
0.785,2002,0.00239,['Sum 41'],0.5329999999999999,184440,0.8959999999999999,1,74YVs8w9ORaD0O2C2dlEL2,1.09e-06,5,0.104,-4.247,1,Thanks For Nothing,40,2002-01-01,0.0434,102.275
0.0602,2005,0.00674,['Coldplay'],0.451,287635,0.679,0,2zQIITgo6sc5ppOfPcH205,0.00136,0,0.1639999999999999,-6.884,0,Square One,53,2005-06-07,0.0319,124.169
0.26,2005,0.00521,['Coldplay'],0.491,328220,0.7829999999999999,0,0WWz2AaqxLoO0fa9ou6Fqc,0.0361,8,0.0951,-8.997,0,White Shadows,53,2005-06-07,0.0484,127.437
0.498,2006,0.00116,['My Chemical Romance'],0.467,268893,0.905,1,0RyTgZoC7eBla31CvRC1i8,4.92e-05,7,0.121,-3.663,1,Kill All Your Friends,43,2006-10-23,0.044,102.45
0.0792,2008,0.695,['Coldplay'],0.218,378853,0.296,0,0guzngk1qWk5sgdYbThEGI,0.727,8,0.1639999999999999,-10.61,1,Death and All His Friends,49,2008-05-26,0.0312,129.93
0.254,2008,0.0102,['Coldplay'],0.288,149133,0.662,0,1rkbMXhEjIytsUGbhoR5pn,0.944,9,0.498,-10.482,1,Life in Technicolor,49,2008-05-26,0.0347,131.056
0.129,2010,0.000271,['My Chemical Romance'],0.479,272773,0.8540000000000001,0,0OByd6pqxZzsXZRj6kJYbN,4.89e-06,6,0.117,-4.129,1,The Only Hope for Me Is You,52,2010-11-05,0.0548,125.92
0.289,2010,7.46e-05,['My Chemical Romance'],0.41,268427,0.912,0,53lQywP7h2KlnfPAbwxWD9,0.145,2,0.423,-2.795,1,S/C/A/R/E/C/R/O/W,51,2010-11-05,0.0334,155.031
0.269,2010,9.16e-05,['My Chemical Romance'],0.463,230427,0.961,1,3CX5UKLQ9zqorQDx00Sbgt,0.0262,4,0.0499,-3.591,0,"Save Yourself, I'll Hold Them Back",51,2010-11-05,0.1689999999999999,136.9
0.273,2011,0.01,['Coldplay'],0.418,242253,0.773,0,6WF4hzdGXvXd1joERSXJjm,0.00418,10,0.269,-6.187,1,Hurts Like Heaven,56,2011-10-24,0.0305,89.961
0.195,2011,0.845,['Coldplay'],0.507,239767,0.304,0,5zyfzNnBzN7f7PVkJFnW2g,1.03e-05,0,0.0741,-11.095999999999998,1,Us Against the World,56,2011-10-24,0.0278,112.371
0.914,1997,0.000371,['blink-182'],0.4920000000000001,163827,0.946,0,0odFaqj5jZVKLvYHDMWX7K,0.00441,5,0.488,-5.207999999999998,0,Voyeur,37,1997,0.0582,119.512
0.583,1997,5.44e-05,['blink-182'],0.425,199973,0.978,0,5IKqS0Kmme9uVOVjulysEV,0.000267,11,0.124,-5.154,1,Josie,51,1997-01-01,0.109,99.867
0.42,1997,1.02e-05,['blink-182'],0.143,168267,0.992,0,6slwIWGDvqTUnRZinRxij9,0.00671,2,0.224,-6.087999999999999,1,Enthused,37,1997,0.188,200.614
0.439,1997,0.00014,['blink-182'],0.328,101667,0.867,0,6N5L6yJ9Fwl9zlxRWYip1e,0.0188,1,0.5670000000000001,-8.165,0,Boring,36,1997,0.0717,105.852
0.6709999999999999,1997,5.7399999999999986e-05,['blink-182'],0.171,225173,0.944,0,6fI5PugHpCL9IzpoCzRSNn,0.0038,7,0.17,-7.045,1,A New Hope,36,1997,0.108,199.501
0.754,2000,0.00036,['Sum 41'],0.467,160173,0.955,0,46pErPIiLjAWrr5uLFomA0,0.0,11,0.725,-4.3260000000000005,0,Summer,45,2000-06-27,0.0567,114.451
0.6779999999999999,2002,0.000394,['Sum 41'],0.455,166293,0.8640000000000001,1,4w5Ffe2mX2eZpTyR1rBF6J,2.04e-05,6,0.38,-5.432,0,No Brains,39,2002-01-01,0.1689999999999999,176.02200000000005
0.172,2003,0.0040799999999999,['blink-182'],0.605,132327,0.795,0,1ETSQb9d7rKN9JPur7w2MU,0.8809999999999999,11,0.172,-7.523,0,The Fallen Interlude,46,2003-11-01,0.0749,94.072
0.29,2004,0.00134,"['My Chemical Romance', 'The Used']",0.528,211733,0.897,0,7oof6K1s09QXjOxDucR2r8,0.0,2,0.19,-5.943,1,Under Pressure,44,2004-09-27,0.0589,125.009
0.502,2005,0.0224,['Coldplay'],0.466,332105,0.882,0,1BBtng1KOF0JuC6bSNgGmp,0.0264,4,0.342,-8.962,0,Low,52,2005-06-07,0.0442,132.086
0.0772,2015,0.0021,['Coldplay'],0.449,223773,0.92,0,6f49kbOuQSOsStBpyGvQfA,0.0167,11,0.334,-4.982,1,A Head Full of Dreams,66,2015-12-04,0.0737,122.984
0.856,2016,0.0506,['My Chemical Romance'],0.463,161920,0.857,0,78OBZL4Z6QHdwwloWIh0Lt,0.0,4,0.184,-3.063,1,Teenagers,59,2016-09-23,0.0632,111.647
0.599,1995,2.37e-05,['blink-182'],0.361,190507,0.93,0,69j2ACMaaP8U1dZEHcHUux,0.000364,9,0.0944,-9.225,1,Touchdown Boy,39,1995,0.0475,106.661
0.682,1995,0.000655,['blink-182'],0.439,158440,0.841,0,744MH3f3MpkUuVmZobaBPc,8.72e-06,2,0.0988,-7.895,1,Peggy Sue,38,1995,0.0468,110.383
0.93,1995,2.37e-05,['blink-182'],0.423,124827,0.769,1,5gWdTEidy4gQvLPYuZ4yqy,0.938,11,0.143,-9.762,1,Fentoozler,38,1995,0.0338,112.053
0.292,1997,0.00101,['blink-182'],0.423,170573,0.963,0,0OPM49OkwIIqL0weX76eP9,0.00011,4,0.0983,-5.388,1,Emo,36,1997,0.081,122.991
0.187,1997,3.64e-05,['blink-182'],0.17,268187,0.97,0,7blWwNgE7SbD8L8SiwgfEm,0.000138,9,0.135,-6.095,1,I'm Sorry,35,1997,0.144,182.733
0.415,2001,0.000675,['Sum 41'],0.523,178827,0.958,0,6t8phlQc47YhAF38sucBRw,0.0,9,0.199,-4.324,1,Rhythms,43,2001-01-01,0.0509,94.095
0.366,2001,0.00432,['Sum 41'],0.463,103280,0.8809999999999999,0,4VtSO2QcHikRASfuNi7JOM,0.133,3,0.0406,-7.131,0,Pain For Pleasure,46,2001-01-01,0.327,160.106
0.0597,2001,0.974,['Coldplay'],0.421,139209,0.0824,0,4cLMJLCJS4tXQoH416h77P,1.67e-05,8,0.111,-13.458,1,"Have Yourself a Merry Little Christmas - Jo Whiley, BBC Radio 1 Session",49,2001-11-30,0.0417,97.585
0.701,2001,0.00065,['Sum 41'],0.343,135587,0.922,0,4jLe3N7rJMTBE7MiHiYJeQ,0.0,7,0.202,-4.891,1,Crazy Amanda Bunkface,45,2001-01-01,0.0999,185.956
0.5539999999999999,2004,0.000741,['Sum 41'],0.378,231000,0.955,0,6wXNqGJ5eHfAaz8WcBN4Sp,0.0,8,0.0794,-4.143,1,Noots,49,2004-10-12,0.143,180.293
0.396,2004,0.00672,['Sum 41'],0.211,164987,0.974,0,3wl4ZUBsuH7n2lsW4WjU05,0.0,8,0.328,-2.9530000000000003,1,Open Your Eyes,49,2004-10-12,0.177,196.222
0.255,2006,0.000234,['My Chemical Romance'],0.263,175947,0.974,0,6rlnljojqC42vtUeixpFAg,1.1e-06,0,0.0698,-3.412,1,Heaven Help Us,40,2006-10-23,0.141,194.287
0.0704,2006,0.515,['My Chemical Romance'],0.366,230707,0.324,0,1rDJIKiabJGtDtT8y72aTr,0.0,4,0.139,-10.056,0,Desert Song,45,2006-03-17,0.0312,147.518
0.177,2008,0.221,['Coldplay'],0.309,237400,0.636,0,2i2Lz3FDIqYdsJZEWkEaTC,0.00281,5,0.102,-7.202000000000001,0,42,48,2008-05-26,0.0344,141.382
0.271,2008,0.0054,['Coldplay'],0.4370000000000001,201107,0.8059999999999999,0,03uqdEuopXPSCg4MvgA2fI,0.00822,10,0.1,-7.693,0,Cemeteries of London,48,2008-05-26,0.0353,109.109
0.0719,2009,0.00017,['My Chemical Romance'],0.297,179293,0.981,0,2ltFL0EitHBwfUWgdhD9Xs,4.33e-05,4,0.106,-4.222,1,Desolation Row,41,2009,0.386,168.28099999999995
0.314,2012,0.00171,"['Coldplay', 'Rihanna']",0.402,217575,0.7,0,6XJ2PVp2Vs9G2j5B2Cbbnb,0.0064099999999999,9,0.191,-5.9179999999999975,0,Princess of China - Radio Edit,59,2012-06-01,0.0361,85.025
0.696,2014,0.0647,['Coldplay'],0.688,228373,0.705,0,6c6W25YoDGjTq3qSPOga5t,0.124,6,0.118,-7.311,1,Ink,61,2014-05-19,0.0323,112.019
0.499,2014,0.0088,['My Chemical Romance'],0.518,200787,0.772,0,2M8g01v2vUMn39YQ10l7ef,0.000421,7,0.224,-5.124,1,Fake Your Death,53,2014-03-21,0.023,100.137
0.239,2014,0.00718,['My Chemical Romance'],0.225,188187,0.948,1,14mqKOS4dHMf48spDuzfYv,0.0,9,0.25,-2.945,1,I'm Not Okay (I Promise),52,2014-03-21,0.136,179.634
0.504,1995,5.69e-05,['blink-182'],0.261,162600,0.8859999999999999,0,4FC9edzWI0xCOzq6JChRVs,2.22e-05,9,0.0602,-9.466,1,Toast And Bananas,37,1995,0.0605,103.353
0.544,1995,3.67e-06,['blink-182'],0.344,145760,0.8540000000000001,0,7DM4fRK1hApfwjiQ0Mqa2J,0.127,0,0.332,-9.346,1,Strings,37,1995,0.0367,131.746
0.773,1997,0.0067,['blink-182'],0.417,148293,0.848,0,4MlG1rqWrwTf0pcprevozG,0.0366,5,0.1639999999999999,-7.6720000000000015,1,Degenerate,34,1997,0.0616,127.346
0.5329999999999999,1997,7.23e-06,['blink-182'],0.235,148707,0.959,1,3DuH3vgKy6oqhgesvbH1ZC,1.64e-06,11,0.3,-4.652,1,Pathetic,46,1997-01-01,0.0831,102.646
0.638,1997,0.00292,['blink-182'],0.403,158173,0.945,1,0ligXICsOgUo51weD99L4g,1.26e-05,11,0.0941,-6.392,1,Lemmings,34,1997,0.0929,93.753
0.442,2000,0.000119,['blink-182'],0.398,173333,0.973,1,2u2NpQfWKsZP4puCadIfe3,6.15e-06,9,0.865,-4.325,1,Dumpweed - Live/1999,40,2000,0.124,105.604
0.123,2000,0.0836,['blink-182'],0.373,51307,0.949,1,5TyHeZpXFaweWQxaihvmwH,0.0,1,0.628,-5.174,0,Family Reunion - Live/1999,40,2000,0.743,165.581
0.85,2000,7.809999999999999e-05,['blink-182'],0.269,176533,0.887,0,5ctTwDAQbEaBj16spFRWC3,1.03e-06,0,0.122,-5.465,1,Dancing With Myself,40,2000,0.0533,101.568
0.324,2001,0.000588,['Sum 41'],0.44,181493,0.968,0,4C1BEMFeThTt2pTxu1nZPE,4.98e-05,2,0.166,-5.7170000000000005,1,Nothing On My Back,43,2001-01-01,0.149,166.88299999999995
0.623,2001,0.000583,['Sum 41'],0.414,168880,0.871,0,0AqMCf62UMpfJEkAQgg9lv,5.64e-05,11,0.14,-6.657,1,Heart Attack,43,2001-01-01,0.0473,165.21900000000005
0.217,2003,0.000569,['blink-182'],0.468,224933,0.935,1,3yoQDKtUKFL5jVakkV8wel,0.000185,0,0.495,-7.632999999999999,1,Anthem Part Two - Live In Chicago,43,2003-11-01,0.0884,114.283
0.114,2004,0.00359,['Sum 41'],0.318,279960,0.84,0,3IHyZQILPYl3cgFEu1TJSJ,0.000249,3,0.14,-5.806,0,88,48,2004-10-12,0.0624,176.112
0.664,2005,0.00102,['blink-182'],0.213,166673,0.875,1,72iJsJMdTGjshAZdNJbSKU,2.07e-05,7,0.0916,-5.854,1,Man Overboard,47,2005-10-31,0.0532,195.28
0.285,2005,0.00236,['blink-182'],0.58,263573,0.93,0,28yCMEplHbodvR19Aipah8,5.5e-05,2,0.0768,-5.17,1,Not Now,49,2005-10-31,0.0618,106.022
0.209,2006,0.00292,['My Chemical Romance'],0.465,178653,0.992,1,2c8rOIPPScZN4MqZbvNSKu,0.0,11,0.37,-3.0980000000000003,0,My Way Home Is Through You,39,2006-10-23,0.157,104.005
0.256,2007,0.012,['Sum 41'],0.297,265787,0.701,0,0vKGvQdkbesI7RGKX3tRyk,0.0,7,0.13,-5.363,1,Best Of Me,52,2007-01-01,0.0301,178.072
0.428,2008,0.00722,['Coldplay'],0.378,249667,0.6629999999999999,0,4DLHhwZCJptTUCQPk6IAq8,0.797,1,0.191,-10.476,1,Strawberry Swing,41,2008-11-24,0.0458,173.136
0.11,2008,0.0614,['Coldplay'],0.33,222653,0.58,0,62UfaFAh45l2jimrgvQRvB,0.00129,1,0.115,-7.875,0,Violet Hill,40,2008-11-24,0.0374,76.093
0.184,2014,0.00376,['Coldplay'],0.482,246000,0.573,0,0fQuzbQNLcD1ofo7B2NcFI,0.077,11,0.123,-7.966,1,True Love,57,2014-05-19,0.028,119.991
0.147,2015,0.000315,['Coldplay'],0.5589999999999999,229093,0.841,0,3HWDWyIqWuLsTHECx9DvXF,0.4370000000000001,0,0.0816,-5.584,1,Birds,63,2015-12-04,0.0332,105.009
0.556,1995,0.000927,['blink-182'],0.382,235667,0.72,0,1D7Ms6zBqsnO9nY89J1xHJ,0.00231,2,0.166,-12.263,1,Ben Wah Balls,36,1995,0.0623,110.149
0.727,1995,0.0002,['blink-182'],0.34,185707,0.7,0,6FXcBHYP6mohfWONxtg53B,0.000244,0,0.148,-9.685,1,Cacophony,36,1995,0.0342,125.824
0.7190000000000001,1995,0.00199,['blink-182'],0.369,158093,0.8390000000000001,0,6XvCgvHzNff98XlI8YGaAp,0.0,0,0.0625,-8.095,1,Does My Breath Smell?,36,1995,0.0765,81.369
0.909,1995,0.00029,['blink-182'],0.345,68933,0.945,1,67DcrieyzH7kOJUqbAov3L,0.0277,0,0.277,-8.247,1,Sometimes,36,1995,0.0424,105.55
0.411,2000,0.0065099999999999,['blink-182'],0.34,198267,0.957,1,2wwSdRBz6NUfpZKqFcVJiD,0.0,8,0.326,-5.525,1,What's My Age Again? - Live/1999,40,2000,0.207,168.16099999999997
0.503,2000,0.00444,['blink-182'],0.391,220507,0.932,1,1ROAJW0LOwIpPmpQHR1R7q,0.0,11,0.948,-4.828,1,Going Away To College - Live/1999,39,2000,0.126,119.918
0.317,2000,0.00013,['blink-182'],0.426,223587,0.984,1,6n9U8F0FYH5p0kekKJD55G,5.68e-05,11,0.68,-5.007,1,Aliens Exist - Live/1999,39,2000,0.111,123.21
0.35,2000,0.000781,['blink-182'],0.247,158000,0.955,1,2TC7B6UF5v8ZWMNo6Oib8v,0.0,9,0.535,-4.712,1,Don't Leave Me - Live/1999,39,2000,0.183,165.778
0.562,2001,2.8000000000000013e-05,['Sum 41'],0.507,169360,0.971,0,5chsaehCHtSbHVeky3WDm6,0.0,7,0.317,-3.769,1,Summer,43,2001-01-01,0.0705,114.166
0.7879999999999999,2002,0.000167,['Sum 41'],0.444,122693,0.963,1,5hpnDwwgd16krey1a1LVzn,6.13e-05,10,0.0996,-4.045,1,My Direction,36,2002-01-01,0.115,164.02700000000004
0.209,2004,0.000185,['Sum 41'],0.449,198347,0.841,0,2S3FVzBDGSHNLTzpmAiF6B,0.0,6,0.449,-4.798,1,There's No Solution,47,2004-10-12,0.036,106.964
0.227,2008,0.00884,['Coldplay'],0.162,426653,0.807,0,04zfFfRMXegKi4mMkGMeze,0.358,6,0.187,-6.277,1,Yes,45,2008-05-26,0.0538,161.577
0.189,2008,0.99,['Coldplay'],0.46,48128,0.1639999999999999,0,4sbbpL1WwwGRr6xWk2y0Hk,0.953,10,0.146,-19.387,1,Postcards from Far Away,39,2008-11-24,0.048,126.704
0.1369999999999999,2011,0.000413,['Sum 41'],0.36,204627,0.987,0,1zqAXXA12UEVS7iDmAVeay,0.0,8,0.283,-4.3,1,Screaming Bloody Murder,52,2011-01-01,0.157,189.99400000000003
